date,name,message
01-Sep,Aarav,Happy Birthday Aarav! 🎂🎉
02-Sep,Ananya,Happy Birthday Ananya! 🎂🎉
03-Sep,Rahul,Happy Birthday Rahul! 🎂🎉
04-Sep,Neha,Happy Birthday Neha! 🎂🎉
05-Sep,Rohan,Happy Birthday Rohan! 🎂🎉
06-Sep,Priya,Happy Birthday Priya! 🎂🎉
07-Sep,Arjun,Happy Birthday Arjun! 🎂🎉
08-Sep,Simran,Happy Birthday Simran! 🎂🎉
09-Sep,Karan,Happy Birthday Karan! 🎂🎉
10-Sep,Pooja,Happy Birthday Pooja! 🎂🎉
11-Sep,Amit,Happy Birthday Amit! 🎂🎉
12-Sep,Nisha,Happy Birthday Nisha! 🎂🎉
13-Sep,Vikas,Happy Birthday Vikas! 🎂🎉
14-Sep,Megha,Happy Birthday Megha! 🎂🎉
15-Sep,Ankit,Happy Birthday Ankit! 🎂🎉
16-Sep,Divya,Happy Birthday Divya! 🎂🎉
17-Sep,Manish,Happy Birthday Manish! 🎂🎉
18-Sep,Riya,Happy Birthday Riya! 🎂🎉
19-Sep,Varun,Happy Birthday Varun! 🎂🎉
20-Sep,Shweta,Happy Birthday Shweta! 🎂🎉
21-Sep,Nitin,Happy Birthday Nitin! 🎂🎉
22-Sep,Komal,Happy Birthday Komal! 🎂🎉
23-Sep,Sachin,Happy Birthday Sachin! 🎂🎉
24-Sep,Neha2,Happy Birthday Neha2! 🎂🎉
25-Sep,Deepak,Happy Birthday Deepak! 🎂🎉
26-Sep,Kavita,Happy Birthday Kavita! 🎂🎉
27-Sep,Ajay,Happy Birthday Ajay! 🎂🎉
28-Sep,Sonam,Happy Birthday Sonam! 🎂🎉
29-Sep,Varsha,Happy Birthday Varsha! 🎂🎉
30-Sep,Raj,Happy Birthday Raj! 🎂🎉
